topic,entropy
protein,7.16087213561288
vaccine,7.029279061337071
patient,7.095948571723941
cell,7.08555919017167
drug,6.819761655528879
sample,7.102197563418955
health,7.2605803781943745
